Item,CH105_inplane_C(1)(1),CH105_Time_SEC(1)(1),CH106_inplane_C(1)(1),CH106_Time_SEC(1)(1),CH107_inplane_C(1)(1),CH107_Time_SEC(1)(1),CH108_inplane_C(1)(1),CH108_Time_SEC(1)(1),CH109_inplane_C(1)(1),CH109_Time_SEC(1)(1),CH110_inplane_C(1)(1),CH110_Time_SEC(1)(1),CH125_inplane_C(1)(1),CH125_Time_SEC(1)(1),CH126_inplane_C(1)(1),CH126_Time_SEC(1)(1),CH127_inplane_C(1)(1),CH127_Time_SEC(1)(1),CH128_inplane_C(1)(1),CH128_Time_SEC(1)(1),CH129_inplane_C(1)(1),CH129_Time_SEC(1)(1),CH130_inplane_C(1)(1),CH130_Time_SEC(1)(1),CH205_throughplane_C(1)(1),CH205_Time_SEC(1)(1),CH206_throughplane_C(1)(1),CH206_Time_SEC(1)(1),CH207_throughplane_C(1)(1),CH207_Time_SEC(1)(1),CH208_throughplane_C(1)(1),CH208_Time_SEC(1)(1),CH209_throughplane_C(1)(1),CH209_Time_SEC(1)(1),CH210_throughplane_C(1)(1),CH210_Time_SEC(1)(1),CH225_throughplane_C(1)(1),CH225_Time_SEC(1)(1),CH226_throughplane_C(1)(1),CH226_Time_SEC(1)(1),CH227_throughplane_C(1)(1),CH227_Time_SEC(1)(1),CH228_throughplane_C(1)(1),CH228_Time_SEC(1)(1),CH229_throughplane_C(1)(1),CH229_Time_SEC(1)(1),CH230_throughplane_C(1)(1),CH230_Time_SEC(1)(1),
1,17.4021511,0,17.3676548,0.026252,17.3757381,0.054818,17.3464394,0.080939,17.3926067,0.106941,17.3551102,0.132943,17.4511566,0.158941,17.411356,0.184958,17.3714523,0.210937,17.3925571,0.236945,17.381216,0.262947,17.3670921,0.288947,17.4602585,0.348333,17.403513,0.374265,17.4181747,0.399939,17.4526234,0.425941,17.4373322,0.451942,17.475502,0.477945,17.4207878,0.503936,17.422863,0.529957,17.4713707,0.555943,17.4554996,0.581945,17.4726505,0.607947,17.4083538,0.633945,
2,17.4013062,4.946941,17.3712215,4.973227,17.3739166,4.998941,17.3496304,5.025258,17.393034,5.051202,17.3543282,5.076948,17.4523315,5.102944,17.4097309,5.12894,17.3763351,5.154944,17.3888416,5.180938,17.3830509,5.206947,17.3637218,5.232941,17.4684963,5.292348,17.4009953,5.318293,17.4215736,5.34394,17.4488411,5.369942,17.4369678,5.395944,17.4801846,5.42195,17.4168396,5.451221,17.4279423,5.477133,17.4705296,5.505657,17.455265,5.531939,17.4738407,5.557945,17.4096355,5.583941,
3,17.4049606,9.950226,17.3698559,9.976488,17.3766403,10.002425,17.3499832,10.028293,17.3949108,10.054219,17.353653,10.080141,17.4559937,10.105941,17.4118557,10.131938,17.3719902,10.157946,17.3934669,10.186507,17.3812847,10.212394,17.3668842,10.238305,17.4602375,10.297944,17.4049625,10.323946,17.4204597,10.349941,17.4530907,10.375943,17.4378872,10.401945,17.4747696,10.427944,17.4230404,10.45394,17.4223881,10.480248,17.4711666,10.506182,17.4598217,10.534747,17.4730816,10.56094,17.4136429,10.586944,
4,17.4029465,14.947144,17.3691902,14.979024,17.3797379,15.004944,17.3503399,15.030942,17.3936405,15.056942,17.3571625,15.082936,17.4514542,15.108948,17.4131432,15.134942,17.3734684,15.161034,17.3938026,15.189461,17.3828754,15.215011,17.3628521,15.240945,17.4630184,15.300385,17.4046612,15.326082,17.4234734,15.35199,17.4498291,15.377939,17.442461,15.403943,17.4709263,15.429944,17.4264297,15.455944,17.4239597,15.481964,17.4675655,15.510241,17.4623775,15.536174,17.4669991,15.564708,17.4154758,15.590941,
5,17.4045143,19.947938,17.37006,19.974212,17.3766575,20.008702,17.3529263,20.034939,17.3927898,20.060958,17.3589134,20.086946,17.4508286,20.112939,17.4151917,20.138943,17.3727264,20.164942,17.3904362,20.190943,17.3837605,20.216946,17.3618755,20.245497,17.4714031,20.304941,17.3976688,20.330942,17.4263,20.356943,17.4476986,20.382937,17.4428406,20.408943,17.4739685,20.434943,17.4213085,20.460942,17.4298401,20.486972,17.463747,20.51792,17.4623451,20.543941,17.4731979,20.569939,17.4108067,20.595943,
6,17.4042339,24.947073,17.3727093,24.975965,17.3779125,25.00194,17.3514881,25.02795,17.3975334,25.05394,17.3565006,25.079937,17.4560242,25.105947,17.4114666,25.131954,17.3723087,25.157943,17.3931847,25.184126,17.380722,25.21294,17.3674793,25.238937,17.462534,25.298359,17.4063702,25.324077,17.4217339,25.349994,17.45294,25.375942,17.4387627,25.401939,17.476141,25.427942,17.4247379,25.453941,17.4229679,25.479955,17.4716167,25.50595,17.4582558,25.532415,17.4729156,25.561029,17.415369,25.587245,
7,17.4047165,29.946942,17.3733311,29.973201,17.3809986,30.004724,17.3519688,30.030941,17.3951435,30.056943,17.3575039,30.082936,17.4516983,30.108944,17.4130669,30.134936,17.3737659,30.160938,17.3945465,30.186972,17.381731,30.214531,17.3647251,30.243408,17.4687595,30.302939,17.4019413,30.328942,17.4306259,30.354955,17.4454975,30.38094,17.4438839,30.406944,17.4743137,30.43294,17.425705,30.45894,17.4258175,30.484943,17.466486,30.510939,17.4647121,30.537037,17.4703331,30.567113,17.4152164,30.592946,
8,17.40518,34.946943,17.3740215,34.972945,17.3789482,34.99894,17.3541489,35.025162,17.3962021,35.050947,17.3576775,35.076944,17.4551582,35.102941,17.4113464,35.128957,17.3779945,35.154942,17.3904247,35.18095,17.3823357,35.206944,17.365839,35.232938,17.4701309,35.2929,17.4092884,35.321483,17.4166908,35.347412,17.4545803,35.373573,17.4381161,35.399122,17.4795132,35.425008,17.4200077,35.450944,17.4298859,35.476956,17.4686947,35.502943,17.4597015,35.528938,17.478611,35.554939,17.4085217,35.580943,
9,17.4092598,39.948183,17.3728924,39.974421,17.3817692,40.003277,17.3521824,40.029249,17.3989296,40.055218,17.3588219,40.080941,17.4529285,40.106942,17.4134216,40.132955,17.3735619,40.158942,17.3935051,40.184939,17.382225,40.210946,17.3680515,40.236945,17.4640255,40.296335,17.4078007,40.32476,17.4288979,40.353348,17.4475918,40.379277,17.4477654,40.405231,17.473156,40.430945,17.4246445,40.456941,17.4250946,40.482958,17.469965,40.508941,17.462822,40.534944,17.4717312,40.560943,17.4170265,40.586942,
10,17.4086456,44.955411,17.3745098,44.981648,17.3792953,45.007944,17.3565826,45.033948,17.3968735,45.05994,17.3614826,45.085948,17.4502373,45.111939,17.4151897,45.13794,17.3747387,45.163946,17.3917542,45.189943,17.3840351,45.215944,17.3640251,45.241946,17.4672623,45.301011,17.4039612,45.327092,17.42486,45.356601,17.4491005,45.38294,17.444109,45.408937,17.4785938,45.434946,17.4194927,45.460944,17.4335155,45.486956,17.4619408,45.512937,17.4661884,45.538943,17.4711838,45.564936,17.4171066,45.590941,
11,17.4093437,49.947134,17.3736267,49.973422,17.3806896,49.999124,17.3557911,50.025423,17.3994007,50.051363,17.358223,50.076945,17.4562016,50.102941,17.4100761,50.128941,17.3743591,50.154945,17.3936501,50.180944,17.3823566,50.206943,17.3655357,50.232943,17.4695263,50.292331,17.4062366,50.318255,17.4231396,50.349192,17.4531136,50.375456,17.4425983,50.401409,17.4767628,50.426944,17.4273567,50.452946,17.4229031,50.478955,17.4706173,50.504937,17.4605331,50.530941,17.4774075,50.556942,17.4130955,50.582939,
12,17.4129028,54.952787,17.37323,54.979064,17.3801079,55.005012,17.3569736,55.031975,17.3991261,55.057936,17.362524,55.083948,17.4515171,55.109939,17.4147434,55.135953,17.3719578,55.161938,17.3945026,55.187938,17.3849697,55.213935,17.3643322,55.239942,17.4656086,55.298995,17.4069672,55.32494,17.4280815,55.351101,17.4484997,55.380086,17.4452362,55.40601,17.4757404,55.431945,17.4254513,55.457941,17.4282455,55.483956,17.4658566,55.509943,17.4678669,55.53594,17.4702454,55.561941,17.4192333,55.587946,
13,17.4106255,59.947068,17.3774624,59.98192,17.3812256,60.007939,17.3578129,60.03395,17.3979206,60.059943,17.3657074,60.086009,17.4542656,60.113161,17.4120407,60.138938,17.3752956,60.164944,17.3929157,60.190962,17.3859406,60.216941,17.3648891,60.242947,17.4728546,60.302344,17.4002724,60.328066,17.4308662,60.35399,17.4498138,60.379946,17.4458027,60.405951,17.4839439,60.436505,17.4177399,60.462453,17.4333,60.488042,17.4653473,60.513938,17.4665184,60.53994,17.4726353,60.565945,17.4171848,60.591939,
14,17.4118824,64.946457,17.3770428,64.972698,17.3832245,64.998948,17.3573494,65.024958,17.400898,65.050938,17.3614521,65.07694,17.458746,65.102947,17.4112015,65.128938,17.3742905,65.15494,17.3953514,65.183496,17.3835869,65.209387,17.3678837,65.235292,17.4640427,65.29494,17.4110851,65.320941,17.4217052,65.346961,17.4556923,65.37294,17.4400196,65.39894,17.4803543,65.424946,17.4251137,65.450941,17.4278622,65.477251,17.4748497,65.503173,17.4620075,65.531728,17.4780254,65.557941,17.4156837,65.583948,
15,17.4131851,69.946634,17.3779259,69.975525,17.3855495,70.001421,17.3569298,70.027386,17.4045753,70.052956,17.3628273,70.07894,17.4548264,70.10495,17.4147396,70.130943,17.3751545,70.157021,17.3969326,70.185417,17.3829365,70.210991,17.3701096,70.236945,17.4660645,70.29636,17.4090977,70.322084,17.4234867,70.348018,17.4553795,70.373946,17.4419937,70.399945,17.4788189,70.425945,17.4270706,70.451944,17.4247875,70.477943,17.4714775,70.506287,17.4617386,70.532232,17.4725246,70.560762,17.4216385,70.586939,
16,17.4135551,74.946128,17.378355,74.972389,17.3860722,75.00395,17.3592625,75.029937,17.401886,75.055944,17.3665085,75.081946,17.4558468,75.107944,17.4153576,75.13396,17.3750744,75.159943,17.3979492,75.187115,17.3869667,75.213068,17.3671227,75.241593,17.4707012,75.301001,17.4045868,75.326951,17.4340668,75.352953,17.4483356,75.378941,17.4456959,75.404938,17.476408,75.430939,17.4280739,75.456944,17.4287663,75.48294,17.4690208,75.508942,17.4688339,75.537941,17.4720764,75.563938,17.4168129,75.59246,
17,17.4141178,79.957662,17.3803883,79.983945,17.3826351,80.009945,17.3641434,80.035943,17.4011459,80.06194,17.3654137,80.087945,17.456192,80.113945,17.4142418,80.139956,17.3789272,80.165938,17.3954353,80.191943,17.3882713,80.220945,17.3692818,80.246945,17.4731979,80.305997,17.4036388,80.331946,17.4247513,80.357939,17.4541245,80.383935,17.4421368,80.409944,17.4840469,80.435942,17.4187813,80.461946,17.4332256,80.487955,17.4665833,80.513967,17.4605618,80.544789,17.4802208,80.570938,17.4128895,80.596945,
18,17.4149265,84.946945,17.3801899,84.973188,17.3871155,85.001721,17.3587742,85.027943,17.4064693,85.053944,17.3668995,85.079947,17.4551201,85.105945,17.4156437,85.131938,17.3775902,85.157938,17.3980961,85.183941,17.3860683,85.21008,17.3675747,85.23935,17.4687252,85.298939,17.4092312,85.324947,17.429863,85.350955,17.4515896,85.376947,17.4494114,85.402943,17.4751778,85.428941,17.4280128,85.454942,17.4281712,85.480941,17.4725342,85.506946,17.4637108,85.532943,17.4758892,85.5594,17.4190788,85.588259,
19,17.4178429,89.95373,17.3810863,89.979977,17.3864803,90.00594,17.3635254,90.031947,17.4036903,90.05794,17.3677235,90.083942,17.4551525,90.109945,17.4197693,90.135937,17.375803,90.161939,17.3953781,90.187946,17.3879833,90.21395,17.3683262,90.240581,17.4750881,90.302637,17.4012432,90.328936,17.4289379,90.354941,17.4514122,90.380952,17.447773,90.40694,17.4783707,90.432946,17.4242554,90.458938,17.4336662,90.484955,17.4667416,90.510942,17.47225,90.536952,17.4772949,90.567904,17.4141865,90.593945,
20,17.4175014,94.947114,17.3826065,94.973403,17.3876743,94.998979,17.3621178,95.024941,17.4060135,95.050947,17.3667717,95.076947,17.4617119,95.102938,17.4138832,95.128959,17.3769951,95.154939,17.3978748,95.180936,17.3856812,95.209506,17.3686733,95.238415,17.4688492,95.297938,17.40938,95.323941,17.4275894,95.349938,17.4542141,95.375935,17.4482594,95.401943,17.4759865,95.42794,17.4305439,95.453943,17.4280453,95.479954,17.473156,95.505946,17.4651241,95.532479,17.478426,95.558408,17.4243107,95.586931,
21,17.4209595,99.953493,17.3834534,99.979723,17.3876381,100.005943,17.3640785,100.031946,17.405407,100.057942,17.3698597,100.083939,17.4559917,100.109937,17.4193497,100.135958,17.375267,100.161941,17.3965607,100.187947,17.3882351,100.216232,17.3678741,100.242206,17.4737434,100.301942,17.4039059,100.327942,17.4341965,100.353956,17.4515419,100.379945,17.4468784,100.40594,17.4775791,100.431938,17.4283104,100.457939,17.432272,100.483936,17.4682293,100.509943,17.4688854,100.540587,17.4767303,100.566945,17.4169559,100.592943,
22,17.4185371,104.949008,17.3842907,104.983853,17.3861046,105.009937,17.3671894,105.035947,17.4044781,105.061938,17.3693733,105.087941,17.4572983,105.113943,17.41502,105.139942,17.3795242,105.165938,17.3968868,105.191959,17.3893051,105.220942,17.370575,105.246947,17.4743977,105.306332,17.4059525,105.332065,17.4262562,105.357964,17.4551678,105.383942,17.4431801,105.409939,17.4861755,105.435945,17.421093,105.461942,17.4344196,105.487938,17.4674015,105.513945,17.4694271,105.540486,17.4808712,105.569081,17.4130554,105.595286,
23,17.4192867,109.948705,17.3840141,109.974946,17.3913155,110.000945,17.3631535,110.026952,17.4104385,110.052945,17.3678627,110.078945,17.4568806,110.104942,17.4172554,110.130937,17.3771591,110.156943,17.3972912,110.182944,17.3870602,110.212452,17.3679066,110.238404,17.4683132,110.29794,17.4101295,110.323943,17.42873,110.34994,17.4552155,110.375939,17.4483566,110.401938,17.4754524,110.427946,17.4315472,110.453943,17.4295444,110.479943,17.4740238,110.505942,17.4721546,110.53679,17.4732285,110.562944,17.421217,110.588943,
24,17.4189739,114.946333,17.385704,114.981189,17.3903999,115.007101,17.366045,115.03304,17.4061718,115.058938,17.3723183,115.084941,17.4549809,115.110938,17.4200172,115.13694,17.3778191,115.162945,17.3955555,115.188946,17.392765,115.219155,17.3675728,115.245087,17.4757957,115.304492,17.4045525,115.330201,17.4289074,115.356128,17.4537029,115.38205,17.4480133,115.407944,17.4810181,115.433935,17.4240723,115.45994,17.437212,115.48594,17.4670238,115.511941,17.4705982,115.540106,17.4804535,115.568718,17.4138966,115.594938,
25,17.4207439,119.948081,17.3844948,119.974315,17.3910942,120.000271,17.3657646,120.025942,17.4106827,120.051942,17.3689671,120.077943,17.460041,120.103943,17.4161739,120.129957,17.3779984,120.15594,17.39855,120.181938,17.3883648,120.208003,17.3725185,120.237724,17.469635,120.296944,17.4112587,120.32294,17.4263897,120.348958,17.4579105,120.374939,17.4465275,120.400939,17.4802475,120.426949,17.4310665,120.452944,17.4271069,120.478939,17.4751034,120.504938,17.4649696,120.530946,17.4817829,120.557401,17.4178944,120.583625,
26,17.4178219,124.946232,17.3840389,124.978098,17.3949203,125.003988,17.3646507,125.029945,17.4075184,125.055942,17.3723145,125.081941,17.456646,125.107949,17.4170208,125.133944,17.3769684,125.159943,17.398674,125.185948,17.386301,125.211941,17.3708248,125.238539,17.4695396,125.297944,17.4086018,125.326469,17.4333363,125.35238,17.45294,125.378574,17.4515858,125.404941,17.4781494,125.430941,17.4288063,125.456947,17.4307632,125.482953,17.4745731,125.508942,17.4680271,125.535015,17.4747982,125.566052,17.4212971,125.592284,
27,17.4189548,129.946946,17.3858242,129.973195,17.3911686,129.999163,17.3660717,130.024943,17.4099197,130.05094,17.371851,130.076944,17.4590187,130.102938,17.4133835,130.128957,17.3807507,130.15494,17.396841,130.180941,17.3883743,130.206941,17.3707314,130.233807,17.4687729,130.295862,17.4147301,130.32207,17.4245033,130.348005,17.4595699,130.373949,17.4425411,130.399939,17.4839668,130.425945,17.4268513,130.451945,17.4325352,130.477957,17.4756908,130.503941,17.4621983,130.529939,17.4828396,130.556,17.4234657,130.586802,
28,17.4201355,134.946356,17.3850498,134.978228,17.3933258,135.004123,17.3654861,135.030058,17.4137077,135.055937,17.3730125,135.081936,17.4560966,135.107942,17.4171257,135.133938,17.3791637,135.159943,17.3997097,135.185938,17.3873386,135.211941,17.3725109,135.238032,17.470953,135.301035,17.4122486,135.326946,17.4314384,135.352955,17.4541054,135.378947,17.4512119,135.404938,17.4784775,135.430945,17.4310608,135.456949,17.4300823,135.482957,17.475008,135.50894,17.4664497,135.534947,17.480835,135.560943,17.4218197,135.58694,
29,17.4199638,139.94779,17.3878632,139.974071,17.3913975,140.008864,17.3692265,140.034939,17.4106617,140.060956,17.373827,140.086943,17.4554043,140.112944,17.4194469,140.138945,17.3774376,140.164942,17.398222,140.190956,17.3897953,140.216941,17.3689728,140.242946,17.4708805,140.302303,17.4095879,140.328436,17.431572,140.357939,17.4536285,140.383949,17.4496956,140.409937,17.481863,140.435945,17.4280167,140.461943,17.4360371,140.487956,17.4683685,140.513943,17.4746265,140.539943,17.4762859,140.565939,17.4230614,140.591939,
30,17.4217358,144.94914,17.3875771,144.975057,17.3932495,145.000993,17.3683052,145.027076,17.412344,145.052939,17.3738327,145.078941,17.4600201,145.104943,17.4146137,145.130935,17.3831177,145.156945,17.3982468,145.18294,17.3891773,145.208946,17.3712349,145.234935,17.4754333,145.29435,17.4079151,145.320087,17.4259834,145.346111,17.4615726,145.374506,17.4449635,145.403111,17.4826355,145.42904,17.4300537,145.454955,17.431776,145.480938,17.4789982,145.506942,17.4633999,145.532945,17.481802,145.558941,17.4185925,145.584939,
31,17.4215488,149.948209,17.3913441,149.974476,17.3960419,150.006002,17.3683357,150.031945,17.4149837,150.058099,17.3743286,150.084129,17.4573097,150.110341,17.4184475,150.136306,17.3806686,150.162265,17.4006176,150.18818,17.3883591,150.21411,17.3737621,150.239938,17.4689693,150.299326,17.4161301,150.325272,17.4251194,150.350937,17.4597645,150.376954,17.4476547,150.405149,17.4792099,150.433745,17.4316139,150.459945,17.4308872,150.48594,17.4751644,150.511951,17.468626,150.53794,17.4792595,150.563941,17.4242554,150.589941,
32,17.4232922,154.946938,17.3915024,154.972944,17.393919,154.99894,17.3742561,155.024939,17.4099731,155.050941,17.3750916,155.077034,17.4597015,155.104494,17.4182549,155.130074,17.382473,155.155944,17.3977928,155.181939,17.3941174,155.20794,17.3697128,155.23394,17.4770336,155.293368,17.4074173,155.319086,17.4305649,155.344996,17.4551582,155.370939,17.4492321,155.396951,17.4888287,155.425063,17.423584,155.451282,17.4365368,155.479863,17.4734478,155.505943,17.4671345,155.531943,17.4855404,155.557936,17.4161243,155.583946,
33,17.4244251,159.948098,17.3931427,159.974322,17.3956547,160.002865,17.3712482,160.028941,17.4145508,160.054942,17.3762207,160.080938,17.4611683,160.107022,17.4164333,160.134945,17.3802853,160.160952,17.4015846,160.186946,17.3918209,160.212938,17.3736897,160.238941,17.4743156,160.298332,17.4118176,160.324257,17.4247189,160.349939,17.4646378,160.375945,17.443367,160.401941,17.4857082,160.427944,17.4285431,160.456209,17.4338017,160.482149,17.4772911,160.510877,17.4663162,160.536946,17.4831028,160.562944,17.4198895,160.588943,
34,17.4263668,164.955758,17.3903389,164.982017,17.3978405,165.00795,17.3714809,165.033955,17.4182739,165.059943,17.3752956,165.085938,17.4595394,165.111948,17.4200954,165.137938,17.3816414,165.16394,17.4029884,165.192502,17.3897305,165.218396,17.3758831,165.244325,17.4713802,165.30394,17.4132347,165.329939,17.4291344,165.355945,17.4601936,165.38194,17.4493694,165.407938,17.4815292,165.433944,17.4340668,165.459945,17.4296875,165.486347,17.476408,165.512266,17.4686546,165.540836,17.4789772,165.566939,17.4264603,165.592942,
35,17.4266682,169.945939,17.3924522,169.972175,17.3962212,170.000719,17.3753452,170.026947,17.4126167,170.052941,17.3809834,170.078947,17.4618435,170.10494,17.4185009,170.130942,17.3829994,170.157019,17.3992767,170.184351,17.3954086,170.210271,17.3714676,170.235997,17.4810486,170.295375,17.4073391,170.321316,17.4323502,170.346957,17.4561329,170.37294,17.4515533,170.398939,17.4833488,170.424944,17.4281483,170.450939,17.4381447,170.476966,17.4737492,170.508041,17.4702911,170.533974,17.4831314,170.559943,17.4174023,170.58594,
36,17.4262981,174.951681,17.3959923,174.977939,17.39674,175.003942,17.3751659,175.029954,17.4155884,175.055939,17.3787441,175.08194,17.463192,175.107945,17.4201069,175.133937,17.3838043,175.159936,17.3995705,175.185945,17.3914299,175.214372,17.3742332,175.240306,17.4766369,175.299938,17.4106979,175.325939,17.4264965,175.351937,17.4621258,175.377937,17.4432774,175.40394,17.488802,175.429939,17.4269199,175.455946,17.438385,175.481938,17.4722328,175.507972,17.4667702,175.538987,17.4837246,175.564945,17.4199429,175.59094,
37,17.430027,179.947093,17.3924103,179.98194,17.3996201,180.007941,17.3753948,180.033949,17.4179611,180.059938,17.3781834,180.08594,17.4643936,180.111938,17.4182796,180.137935,17.3843575,180.163941,17.4028111,180.189944,17.3907604,180.220259,17.3781166,180.2462,17.4716396,180.305943,17.4148407,180.331943,17.4293289,180.357957,17.4603882,180.383942,17.448164,180.409942,17.4835052,180.435939,17.4341946,180.461948,17.4303722,180.487956,17.4781494,180.513937,17.4669342,180.540076,17.4790783,180.570013,17.4279881,180.595938,
38,17.42803,184.949942,17.394556,184.97619,17.3985577,185.002156,17.3778191,185.027941,17.4156399,185.053946,17.3826847,185.079946,17.4595871,185.105945,17.4196301,185.131937,17.3844681,185.157945,17.4014931,185.183938,17.393631,185.209935,17.3725185,185.236046,17.4784622,185.298936,17.4083271,185.324938,17.4305439,185.350955,17.4584293,185.376944,17.4484463,185.402941,17.4881535,185.428944,17.4243183,185.454946,17.440815,185.48094,17.4722862,185.506946,17.4738274,185.532942,17.4792461,185.558938,17.4239578,185.584944,
39,17.4338589,189.947081,17.3976784,189.978937,17.398283,190.004954,17.3784733,190.030977,17.4169483,190.056945,17.3807964,190.082941,17.4632263,190.108945,17.4207954,190.134942,17.3841267,190.160943,17.4006557,190.186941,17.3972588,190.212945,17.3723392,190.23894,17.4800434,190.298353,17.4080391,190.324193,17.4318409,190.350564,17.4578934,190.377258,17.4436646,190.405836,17.4878292,190.431942,17.427494,190.457945,17.4399853,190.483939,17.4735374,190.509944,17.4712009,190.535946,17.4828796,190.561938,17.4209709,190.587944,
40,17.4331818,194.946944,17.3931866,194.973199,17.4008617,194.999156,17.3771935,195.024953,17.4189701,195.05113,17.3827877,195.077058,17.4607182,195.102938,17.4222031,195.128956,17.3820171,195.154937,17.4067154,195.180946,17.3917351,195.206941,17.3732738,195.23294,17.4720268,195.292004,17.4158802,195.317937,17.4324837,195.343994,17.4561272,195.375279,17.4519272,195.401222,17.4836273,195.427158,17.432991,195.452946,17.4379787,195.478952,17.4727592,195.504945,17.4768715,195.530943,17.4770107,195.556943,17.426199,195.582946,
41,17.4331169,199.946947,17.3971691,199.978821,17.3997269,200.004944,17.3799171,200.030948,17.4174156,200.056947,17.3827991,200.083279,17.4632874,200.109503,17.4202042,200.135076,17.3847446,200.160937,17.4031525,200.186944,17.3963146,200.212936,17.3734417,200.238943,17.4815083,200.298383,17.4072685,200.324121,17.4358196,200.350042,17.4575577,200.375981,17.4450569,200.406899,17.4896908,200.432938,17.42803,200.458944,17.4400101,200.484938,17.4739819,200.510939,17.4725533,200.536942,17.483017,200.562943,17.4214325,200.588939,
42,17.4343281,204.947941,17.3954945,204.974237,17.4015427,205.008738,17.377409,205.034937,17.4211559,205.060938,17.3834648,205.086949,17.463541,205.112941,17.4195557,205.138937,17.3829823,205.167461,17.4039593,205.19336,17.3941612,205.219587,17.3771439,205.245939,17.4759178,205.305309,17.4170628,205.331247,17.4247017,205.356957,17.4660225,205.382945,17.4472561,205.408991,17.4824085,205.440423,17.4369049,205.466639,17.4336929,205.492945,17.4790497,205.518952,17.4706421,205.544943,17.4846287,205.57094,17.4260216,205.59694,
43,17.4346771,209.948027,17.3993759,209.979891,17.402029,210.005943,17.3819866,210.031938,17.4177666,210.057943,17.3836155,210.083939,17.4643192,210.110031,17.4221649,210.136951,17.3853989,210.162938,17.4014397,210.188944,17.3974838,210.214937,17.3734474,210.240942,17.4805832,210.300386,17.4100666,210.326106,17.4331245,210.352045,17.4580479,210.377963,17.4524956,210.403938,17.4878445,210.429945,17.4286156,210.456605,17.4402199,210.485181,17.4741936,210.51112,17.473793,210.537067,17.4821072,210.562944,17.4225311,210.588936,
44,17.4340839,214.946948,17.3969707,214.97324,17.4012985,215.007744,17.378931,215.033941,17.4216652,215.059944,17.3850422,215.085945,17.4646606,215.111938,17.4212418,215.138144,17.3871765,215.166757,17.4048061,215.192937,17.3938904,215.218948,17.3768749,215.244944,17.4785919,215.304313,17.4151325,215.330224,17.4277534,215.355937,17.46558,215.381937,17.4459133,215.407947,17.4900379,215.433952,17.4302959,215.462062,17.4387035,215.487991,17.481596,215.516695,17.4697323,215.542945,17.4865875,215.568946,17.4229889,215.594939,
45,17.4342575,219.946939,17.3992367,219.978821,17.403286,220.004938,17.3824482,220.030939,17.419672,220.05694,17.3877964,220.08294,17.4625893,220.108944,17.4211807,220.134957,17.3865585,220.160943,17.4042072,220.186942,17.3999252,220.215445,17.3751888,220.241618,17.4802723,220.30107,17.4106884,220.326947,17.4332314,220.352938,17.4600582,220.378948,17.4513798,220.404945,17.4898109,220.430937,17.4275723,220.456969,17.4383392,220.488027,17.4802494,220.514273,17.4692993,220.540264,17.4892006,220.56594,17.4197712,220.59194,
46,17.4356842,224.947556,17.3967056,224.97394,17.4069271,224.999946,17.3811111,225.025951,17.4225254,225.051945,17.3865089,225.077942,17.4633789,225.103942,17.4242535,225.129937,17.384409,225.155948,17.4026413,225.184943,17.3968258,225.210944,17.3770828,225.236944,17.4767914,225.296017,17.4124813,225.321941,17.4383774,225.347959,17.4570808,225.373936,17.4574547,225.399943,17.4836712,225.425944,17.4342003,225.45194,17.4352722,225.477943,17.4781971,225.504511,17.4778709,225.533077,17.4803448,225.558965,17.4280624,225.584944,
47,17.4361668,229.946941,17.4015636,229.978804,17.405426,230.004941,17.3835316,230.030941,17.4202919,230.056943,17.3895302,230.082944,17.4649677,230.108939,17.4226723,230.134941,17.3864193,230.160944,17.4043922,230.187074,17.399786,230.215947,17.3757,230.241936,17.480299,230.301373,17.4118786,230.327108,17.4345646,230.353022,17.4605026,230.378943,17.4507504,230.404943,17.4901161,230.430945,17.42873,230.456942,17.4445801,230.482957,17.4738426,230.508946,17.4750767,230.535528,17.48629,230.564085,17.4203625,230.590276,
48,17.4376907,234.946942,17.3990822,234.973228,17.4047604,235.007752,17.3823872,235.033945,17.4246426,235.059939,17.3868523,235.085937,17.465868,235.111936,17.4233093,235.137939,17.3893337,235.16394,17.4029179,235.189939,17.3993664,235.215958,17.3786736,235.244539,17.4799309,235.303937,17.4147434,235.329941,17.4285793,235.355957,17.4686928,235.381942,17.4471054,235.407944,17.4899216,235.433941,17.4298096,235.459937,17.4419804,235.485959,17.4767952,235.511936,17.4736195,235.537977,17.4906464,235.565939,17.4238205,235.594493,
49,17.4382038,239.945938,17.4014568,239.974832,17.4069023,240.000941,17.384573,240.026947,17.4245949,240.052939,17.3889427,240.078939,17.4635849,240.104942,17.4285603,240.130941,17.3853683,240.156939,17.4049225,240.182946,17.3971519,240.208938,17.3775768,240.235787,17.4773731,240.295196,17.4091492,240.323718,17.4367752,240.349938,17.4598351,240.375951,17.4557762,240.401942,17.4866428,240.427941,17.4317131,240.453942,17.4413624,240.479938,17.4742165,240.505936,17.4804249,240.531939,17.4811726,240.55795,17.4235077,240.588137,
50,17.4388103,244.947945,17.4024334,244.9742,17.4059219,245.005695,17.3846207,245.03194,17.4263191,245.057941,17.3886642,245.083942,17.4666634,245.109942,17.4241009,245.135939,17.3904037,245.161945,17.4051037,245.187939,17.4010277,245.213937,17.3770332,245.239941,17.4809914,245.29977,17.4122829,245.325946,17.4286785,245.354489,17.4678593,245.380679,17.4489632,245.406947,17.491785,245.432943,17.4307346,245.458938,17.4410534,245.484955,17.4775963,245.510941,17.4731598,245.536948,17.4893913,245.56294,17.4209862,245.588938,
51,17.4407177,249.946645,17.4037323,249.972936,17.4078751,249.998942,17.3857307,250.025305,17.4269695,250.050944,17.3915443,250.076939,17.4647179,250.102946,17.4293175,250.128955,17.3869133,250.154943,17.4065361,250.180943,17.3989964,250.206942,17.3780727,250.232944,17.4770088,250.292389,17.4159584,250.318195,17.4414463,250.346395,17.4594898,250.372313,17.4541702,250.400891,17.4897575,250.426941,17.4318237,250.452946,17.4462757,250.478938,17.4731598,250.504942,17.4767017,250.530942,17.482542,250.556939,17.4301853,250.582947,
52,17.4396572,254.948184,17.405838,254.974432,17.4079781,255.002958,17.3877888,255.029063,17.4272156,255.05506,17.3898849,255.080943,17.4686337,255.106944,17.4267063,255.132955,17.3908176,255.158945,17.4059372,255.184937,17.4023018,255.210939,17.3779793,255.236944,17.4824104,255.296321,17.4133511,255.322269,17.4357586,255.348054,17.469677,255.377902,17.4488811,255.40394,17.4918423,255.429942,17.430975,255.455941,17.4422283,255.481939,17.4784489,255.507939,17.4747581,255.533941,17.4884872,255.559941,17.4211578,255.585939,
53,17.4402657,259.954769,17.4046764,259.981014,17.4119396,260.006958,17.3862114,260.032946,17.4311314,260.059167,17.3892078,260.085139,17.4693089,260.110944,17.4278889,260.136942,17.3887615,260.162943,17.4089069,260.188939,17.3982964,260.214943,17.3814812,260.240947,17.4777088,260.299981,17.4204731,260.325942,17.4280701,260.351939,17.4615078,260.383009,17.4569359,260.408936,17.4847126,260.434939,17.4392033,260.460942,17.4366856,260.486938,17.4810448,260.512938,17.4730091,260.538944,17.487915,260.564939,17.4278526,260.59094,
54,17.4406567,264.947144,17.4084644,264.973417,17.4102345,264.999002,17.3904133,265.024942,17.4266701,265.051023,17.392828,265.076945,17.4693966,265.102946,17.4262447,265.128956,17.3897495,265.15494,17.407198,265.180936,17.40205,265.206943,17.3782406,265.232944,17.4852886,265.292336,17.4111767,265.318272,17.4384766,265.343938,17.4617558,265.370029,17.4500599,265.399548,17.4951286,265.42513,17.4295921,265.451039,17.4428558,265.476968,17.4758053,265.502937,17.4784698,265.528938,17.4848423,265.554944,17.4277725,265.580944,
55,17.4403591,269.949345,17.4083538,269.975582,17.4129162,270.001938,17.3876514,270.027949,17.4308033,270.053957,17.3919487,270.080706,17.4727154,270.106949,17.425602,270.132938,17.3888111,270.159168,17.4087696,270.184942,17.3995094,270.210936,17.3819485,270.236949,17.4820538,270.296006,17.41675,270.321939,17.4299984,270.347943,17.4699745,270.373943,17.4500942,270.400475,17.4925232,270.426408,17.4356155,270.454969,17.4388809,270.480944,17.4839859,270.506943,17.4695053,270.532939,17.4893608,270.558943,17.4251194,270.584943,
56,17.4411335,274.945942,17.4066143,274.980796,17.4164371,275.006943,17.3880997,275.032945,17.4297142,275.058957,17.3950748,275.084956,17.4697304,275.111494,17.4293327,275.137072,17.3881378,275.162958,17.4114208,275.188943,17.3978786,275.214938,17.3824387,275.240941,17.4772472,275.300345,17.4186153,275.326065,17.4354362,275.351962,17.4670696,275.377937,17.4550743,275.403946,17.4852428,275.432071,17.4378834,275.458312,17.4410534,275.486882,17.4795589,275.512944,17.4798508,275.538937,17.4811592,275.564939,17.4316959,275.59094,
57,17.4429417,279.948774,17.4080467,279.975076,17.4133072,280.009556,17.3905067,280.035448,17.4309292,280.061397,17.397171,280.086944,17.4674988,280.113038,17.4275074,280.140468,17.3913364,280.166218,17.4093437,280.192138,17.4020081,280.218076,17.3811264,280.243941,17.4817886,280.303309,17.4140987,280.329261,17.4445286,280.354937,17.460392,280.380942,17.4568634,280.406944,17.4863319,280.432945,17.4372272,280.459579,17.4411602,280.485937,17.4745293,280.514437,17.4777985,280.540622,17.484024,280.566943,17.4313354,280.592957,
58,17.4451046,284.949069,17.4100189,284.974993,17.4154205,285.000946,17.3891296,285.026942,17.4346142,285.052938,17.3945255,285.078936,17.4737911,285.104948,17.4304504,285.133713,17.3912048,285.159959,17.4116726,285.185937,17.3983135,285.211938,17.3852921,285.237943,17.4770718,285.297391,17.4202576,285.323096,17.4350739,285.349003,17.4670486,285.374942,17.4528141,285.400943,17.490221,285.426946,17.4395618,285.453075,17.4381618,285.482589,17.4831562,285.508939,17.4770889,285.534936,17.4854984,285.560943,17.4324341,285.586945,
59,17.4461308,289.946944,17.4099731,289.973211,17.4156075,290.004738,17.3916874,290.030946,17.4334888,290.056938,17.3983784,290.082941,17.4699249,290.108939,17.4311523,290.135085,17.3913937,290.162949,17.4083309,290.188945,17.4020653,290.214947,17.3828583,290.240941,17.481287,290.300325,17.4170017,290.326268,17.4419308,290.351955,17.4610119,290.377945,17.4612923,290.403945,17.4882431,290.429938,17.4389954,290.455985,17.4426632,290.484105,17.4774799,290.512907,17.4801903,290.538944,17.484827,290.564939,17.4305077,290.590945,
60,17.4467983,294.946685,17.4108257,294.972946,17.416832,294.99894,17.3911419,295.02515,17.4370995,295.05094,17.3955154,295.076941,17.4729996,295.102944,17.4298458,295.128957,17.3915806,295.154952,17.411932,295.183333,17.4006691,295.208938,17.3872738,295.234941,17.4769344,295.294381,17.4212856,295.320095,17.4337254,295.346017,17.4687195,295.371936,17.4539223,295.397944,17.4926872,295.423937,17.4367523,295.449947,17.4399223,295.475963,17.4833317,295.504306,17.4742413,295.530241,17.48522,295.558778,17.4346275,295.584948,
61,17.4475384,299.94733,17.4120274,299.973575,17.4191532,300.002127,17.394207,300.028021,17.4347477,300.053961,17.3986111,300.079935,17.4710922,300.105943,17.4319382,300.131942,17.3920841,300.157941,17.4144211,300.185148,17.4020767,300.211098,17.3835182,300.23963,17.4836807,300.299031,17.4157658,300.324971,17.4451714,300.350956,17.4608479,300.376944,17.4585781,300.402941,17.4888897,300.428938,17.4392223,300.454943,17.4404984,300.48094,17.481245,300.506948,17.4801712,300.537509,17.4856777,300.563478,17.4311218,300.589214,
62,17.447485,304.954239,17.4146748,304.980485,17.4165821,305.006444,17.3955441,305.032277,17.4331188,305.058189,17.402029,305.084119,17.4719086,305.109942,17.4292698,305.135935,17.3933945,305.161938,17.4114037,305.18795,17.4059086,305.216256,17.3816376,305.242202,17.4847355,305.301941,17.4162045,305.327939,17.4378719,305.353941,17.4641838,305.379938,17.4553604,305.405943,17.4950218,305.431941,17.4326553,305.457941,17.4484615,305.483937,17.4780884,305.509943,17.4745388,305.540836,17.4948692,305.56694,17.4260063,305.592939,
63,17.4492397,309.945945,17.411335,309.972182,17.4188309,310.000722,17.3949547,310.026946,17.4357128,310.052945,17.4010162,310.078942,17.471777,310.104944,17.434145,310.130954,17.3906136,310.156943,17.4138813,310.182944,17.4035187,310.20907,17.3828678,310.238052,17.4847546,310.297441,17.4150085,310.323385,17.4470711,310.348963,17.4619579,310.374941,17.4584274,310.400937,17.4889736,310.426941,17.4402351,310.45294,17.4425697,310.478944,17.4813137,310.504938,17.4804726,310.530947,17.4827404,310.557497,17.4325275,310.58635,
64,17.4489117,314.951418,17.415123,314.977674,17.4181499,315.003938,17.3976231,315.029952,17.4356232,315.055938,17.4034576,315.081942,17.4727345,315.107945,17.430048,315.133937,17.3951149,315.159947,17.4129391,315.185946,17.4054909,315.211952,17.3840733,315.240543,17.4862461,315.299945,17.4168758,315.325943,17.4387474,315.351959,17.4651985,315.377942,17.455864,315.403945,17.4962158,315.429938,17.4328651,315.455945,17.4486256,315.481937,17.4792213,315.50794,17.4810886,315.53395,17.4877262,315.560473,17.4309311,315.586694,
65,17.4538021,319.946648,17.4148369,319.981462,17.4208908,320.007395,17.3964062,320.033299,17.4387398,320.058939,17.4007797,320.084934,17.4742641,320.110943,17.4312019,320.136942,17.3989334,320.162944,17.410408,320.18894,17.402914,320.214949,17.3860283,320.241463,17.4852886,320.300938,17.4237442,320.32946,17.4318981,320.355371,17.4705296,320.381578,17.4547997,320.407943,17.4955769,320.43394,17.4356213,320.459942,17.442709,320.485956,17.486124,320.511935,17.4737816,320.538,17.4887333,320.568978,17.4334698,320.595213,
66,17.450182,324.948047,17.4174156,324.974287,17.4207439,325.000235,17.3978405,325.025941,17.4380779,325.051942,17.4053478,325.077938,17.4707069,325.10394,17.4332447,325.129938,17.3953629,325.155938,17.4129066,325.181947,17.4057846,325.207946,17.3847046,325.234072,17.4859505,325.297104,17.4173241,325.323023,17.4406872,325.348938,17.4653683,325.374945,17.4572468,325.400943,17.4947739,325.426939,17.435997,325.452941,17.4503117,325.478953,17.4780827,325.504941,17.4806061,325.530944,17.4871025,325.556941,17.4336929,325.582942,
67,17.4514275,329.948072,17.4191246,329.976985,17.41959,330.00307,17.3988285,330.029086,17.4402809,330.05494,17.4025517,330.080939,17.4743004,330.106946,17.4330559,330.132956,17.3980389,330.15894,17.4122982,330.184941,17.4084816,330.210938,17.3841515,330.236939,17.4859886,330.296351,17.4178295,330.322274,17.4407558,330.348658,17.4686012,330.37525,17.4535255,330.403818,17.496685,330.429934,17.435627,330.455947,17.4464455,330.481942,17.4827194,330.507936,17.4786263,330.533941,17.4936295,330.559938,17.4262791,330.585943,
68,17.451004,334.94595,17.4182396,334.972228,17.4248066,335.00679,17.3973885,335.03294,17.4426785,335.058946,17.4015465,335.084939,17.477869,335.110938,17.4349174,335.136941,17.3950119,335.162945,17.4149303,335.188953,17.40522,335.21494,17.3888454,335.240941,17.4827251,335.3003,17.4255867,335.326227,17.4416676,335.357222,17.4658833,335.383474,17.4628353,335.409428,17.4893684,335.43499,17.4440804,335.460943,17.4413948,335.486959,17.4867229,335.512944,17.4779377,335.538947,17.4922905,335.564938,17.4323082,335.590943,
69,17.4524975,339.949121,17.4219627,339.975024,17.4211235,340.000968,17.3994312,340.027104,17.4421902,340.052938,17.4050617,340.078936,17.4763241,340.104943,17.4330711,340.13094,17.3978672,340.15694,17.4132195,340.182939,17.4103794,340.208939,17.3852577,340.234937,17.4866619,340.294379,17.4175205,340.320209,17.4362984,340.348379,17.4710617,340.37431,17.4545364,340.402871,17.4963894,340.428939,17.4375648,340.45494,17.4469376,340.480937,17.4852219,340.506942,17.4765549,340.532942,17.4962788,340.558941,17.4276161,340.584939,
70,17.4539871,344.947189,17.4231052,344.973432,17.4261341,345.004979,17.3990822,345.031052,17.4448509,345.057047,17.4044132,345.082942,17.4787846,345.108945,17.4355507,345.134943,17.3958302,345.160946,17.4164963,345.186938,17.4073429,345.212942,17.3898029,345.238947,17.4828949,345.298339,17.4261284,345.324274,17.4335365,345.350065,17.4712811,345.379765,17.4593391,345.405942,17.4917564,345.431942,17.446043,345.45794,17.4413509,345.483957,17.4870548,345.509945,17.4770069,345.535938,17.4930077,345.56194,17.4315815,345.587941,
71,17.4582977,349.956505,17.4187164,349.982761,17.425005,350.008942,17.4027481,350.034982,17.444067,350.061208,17.4085236,350.087169,17.4750156,350.112939,17.4375916,350.138936,17.3955994,350.164941,17.4190578,350.190939,17.4069042,350.216941,17.3863945,350.242945,17.4816189,350.302019,17.4240913,350.327945,17.4431267,350.353939,17.4682293,350.379941,17.4614143,350.410701,17.4934883,350.436941,17.440218,350.462945,17.4494514,350.488957,17.4801865,350.514945,17.4857025,350.540946,17.4880848,350.566941,17.4363708,350.592943,
72,17.4550095,354.946936,17.4258995,354.973175,17.427763,355.001728,17.4031773,355.027941,17.44697,355.053965,17.4068546,355.081711,17.4771709,355.107949,17.4371052,355.133939,17.3975658,355.159949,17.4175816,355.185944,17.4074364,355.211945,17.3916626,355.237938,17.4824257,355.297332,17.4272213,355.323275,17.4358406,355.348938,17.4730759,355.374937,17.4570942,355.401125,17.4898815,355.431245,17.4455261,355.457169,17.4439125,355.483146,17.4881725,355.508938,17.4778442,355.534947,17.4934254,355.560947,17.4343739,355.586948,
73,17.4601536,359.955386,17.4216404,359.981637,17.4265308,360.007945,17.4047394,360.03395,17.4463425,360.059939,17.4102497,360.085945,17.476141,360.11433,17.4363823,360.140252,17.4001312,360.166493,17.4159107,360.192098,17.4093018,360.218007,17.3894043,360.243948,17.487215,360.303002,17.4198895,360.328942,17.4495525,360.354942,17.4649982,360.380939,17.4630375,360.406941,17.4926949,360.433076,17.4360218,360.463099,17.453043,360.489041,17.4823036,360.514944,17.4834728,360.54094,17.4885674,360.566937,17.4358845,360.592947,
74,17.4577084,364.946945,17.4227867,364.9732,17.4308929,365.00175,17.4034634,365.027942,17.4499626,365.053944,17.4077454,365.079937,17.4775982,365.105942,17.4390678,365.132097,17.3990631,365.159954,17.4201488,365.185941,17.4057064,365.211947,17.3924465,365.237945,17.482605,365.297346,17.4255619,365.323278,17.4416409,365.348954,17.4727211,365.374941,17.4585018,365.400942,17.4949856,365.426941,17.4449749,365.45296,17.444128,365.48113,17.4849758,365.509937,17.4844608,365.535939,17.488205,365.561938,17.4407272,365.587939,
75,17.4591408,369.954133,17.4248219,369.980378,17.4285488,370.006328,17.4060555,370.032249,17.4473839,370.058165,17.4129276,370.084094,17.4763527,370.10994,17.4409752,370.135941,17.3986588,370.161942,17.4170914,370.190514,17.4107113,370.216399,17.3890667,370.242342,17.4913139,370.301945,17.4180584,370.327945,17.4462795,370.353937,17.4669991,370.379941,17.464056,370.405942,17.4950504,370.431936,17.4420528,370.457943,17.4480247,370.48402,17.4831963,370.512944,17.4827766,370.541515,17.494648,370.567411,17.4310188,370.593339,
76,17.4598904,374.945937,17.4251041,374.9722,17.4333057,375.000761,17.4043827,375.026945,17.448473,375.052941,17.4130554,375.078938,17.4782562,375.104945,17.4385452,375.13094,17.3995152,375.156949,17.4213028,375.182946,17.4074497,375.208936,17.3903275,375.237452,17.4857578,375.296947,17.4252167,375.322941,17.446146,375.348955,17.4684525,375.374945,17.4669914,375.400942,17.4917068,375.426944,17.444313,375.452941,17.4444714,375.478942,17.481348,375.509867,17.4855537,375.535948,17.4901543,375.561941,17.4377747,375.587938,
77,17.4600849,379.954445,17.4267426,379.980698,17.4289932,380.00694,17.4106426,380.032954,17.4478283,380.05894,17.4114742,380.084942,17.4792385,380.110941,17.4374695,380.136939,17.4019985,380.162957,17.4177322,380.192644,17.4084663,380.218934,17.3915195,380.244944,17.4898071,380.303996,17.4233093,380.329937,17.4382629,380.355942,17.4738216,380.381938,17.4562664,380.407943,17.5019436,380.433943,17.4391346,380.459942,17.4502811,380.485954,17.4840832,380.512094,17.4778233,380.542077,17.4954891,380.567999,17.4315414,380.593946,
78,17.4629669,384.946945,17.4243546,384.973187,17.4314861,385.001731,17.4084301,385.027939,17.4490299,385.053945,17.4159393,385.079943,17.4771767,385.105943,17.4408855,385.131942,17.4009686,385.157945,17.418148,385.183966,17.4111385,385.211617,17.3894081,385.240518,17.4897423,385.29994,17.421032,385.32594,17.4442883,385.351958,17.4710274,385.377946,17.4607506,385.403946,17.4999027,385.429939,17.4372883,385.455944,17.4543285,385.481937,17.4849129,385.507945,17.4856625,385.534044,17.4968739,385.562938,17.4324493,385.591488,
79,17.4624786,389.957474,17.4270382,389.983712,17.4346104,390.009939,17.4082928,390.035954,17.4544296,390.061943,17.4114304,390.08794,17.48069,390.11394,17.440876,390.139956,17.4017677,390.165939,17.4204826,390.191943,17.4096336,390.217999,17.391716,390.247788,17.4857044,390.306946,17.4279327,390.332941,17.4435673,390.358942,17.4719887,390.384945,17.4642372,390.410944,17.4950447,390.436949,17.4484367,390.462943,17.4440994,390.488935,17.4902554,390.514938,17.4810009,390.540944,17.4967518,390.567467,17.4369164,390.593688,
80,17.4629574,394.947317,17.429842,394.973571,17.4325924,395.002117,17.4126091,395.028029,17.4504509,395.053974,17.4142857,395.07994,17.4825249,395.10594,17.44063,395.13196,17.4032249,395.157939,17.4181213,395.183939,17.414629,395.209937,17.3909893,395.235939,17.492733,395.295791,17.4226894,395.321944,17.4408665,395.35048,17.4768944,395.376687,17.4579639,395.402945,17.5010872,395.428948,17.4398651,395.454942,17.4528503,395.480942,17.4872189,395.506939,17.4850693,395.532944,17.4954185,395.55894,17.4337482,395.584939,
81,17.4644642,399.952697,17.4285526,399.978936,17.4355431,400.005061,17.4107151,400.030987,17.4550838,400.056941,17.4145966,400.082942,17.4846611,400.108942,17.4390106,400.134952,17.4025478,400.160944,17.4219627,400.186939,17.4112968,400.212936,17.3933754,400.238939,17.4891014,400.297977,17.4281979,400.324069,17.4436321,400.354202,17.4752274,400.379957,17.4621544,400.405938,17.4980278,400.431944,17.4469357,400.457943,17.4439964,400.483952,17.4931831,400.509945,17.4815922,400.535947,17.4979992,400.561943,17.4343586,400.587941,
82,17.4635715,404.945943,17.4327545,404.972219,17.4348507,404.997946,17.4151459,405.02432,17.4524708,405.050308,17.4155102,405.075938,17.4830074,405.101936,17.4412479,405.127958,17.404541,405.15394,17.4190216,405.179946,17.4145756,405.205938,17.3914013,405.231941,17.4955311,405.291329,17.4227943,405.317275,17.4463787,405.343058,17.4776058,405.373003,17.4587822,405.398954,17.5031681,405.424935,17.440403,405.450943,17.4525795,405.476944,17.4876499,405.502937,17.4864349,405.528945,17.4955215,405.554946,17.4340382,405.580938,
83,17.4665909,409.949078,17.4314671,409.975332,17.4372005,410.001259,17.4121819,410.026943,17.4563694,410.053102,17.4168568,410.079086,17.4852009,410.104939,17.4388027,410.130937,17.4040737,410.156939,17.4226971,410.182942,17.4128246,410.208945,17.3946609,410.234944,17.4910469,410.293993,17.4264565,410.319939,17.4409447,410.345938,17.4796829,410.371941,17.460865,410.400938,17.5019531,410.426943,17.4503841,410.455445,17.4457664,410.481367,17.491785,410.507574,17.4816914,410.533935,17.4977226,410.559937,17.4366245,410.585947,
84,17.4663429,414.946939,17.4327583,414.981775,17.4376984,415.007939,17.415102,415.033946,17.4548149,415.059937,17.4214344,415.086609,17.4794617,415.112945,17.441328,415.138943,17.4058304,415.164942,17.4218674,415.190938,17.4139938,415.216947,17.3929138,415.242943,17.4915867,415.302346,17.4248047,415.328068,17.454689,415.353995,17.4685459,415.379993,17.4612637,415.410893,17.5054684,415.436938,17.4398556,415.462945,17.4531956,415.488938,17.4862556,415.514943,17.4884701,415.540942,17.494688,415.566938,17.43894,415.592939,
85,17.4690113,419.948889,17.4330902,419.975178,17.4411087,420.001131,17.4118023,420.026975,17.459116,420.052937,17.4200649,420.079078,17.4830894,420.105942,17.4442043,420.13194,17.4035149,420.158254,17.4235821,420.183942,17.411335,420.209944,17.3986473,420.235947,17.4865932,420.295013,17.4297504,420.320946,17.4444752,420.346962,17.4767265,420.372947,17.4633236,420.398938,17.498806,420.425492,17.4472446,420.454363,17.4487381,420.480277,17.4929047,420.506241,17.4838371,420.531945,17.4953823,420.55794,17.4408855,420.583939,
86,17.4709988,424.949104,17.434515,424.978022,17.4392681,425.003942,17.4169788,425.029944,17.4572086,425.055938,17.4228458,425.081941,17.4811459,425.107942,17.4422646,425.136507,17.4058342,425.162704,17.4218235,425.188944,17.4165134,425.214943,17.3942661,425.240938,17.496933,425.30036,17.4213257,425.326086,17.4493408,425.35201,17.4721203,425.377946,17.4682446,425.403945,17.5035782,425.432099,17.4410934,425.458303,17.4543419,425.486836,17.4892731,425.512938,17.4871902,425.538937,17.4978981,425.564944,17.4353352,425.590944,
87,17.4704189,429.946047,17.4338913,429.972297,17.4447384,429.998244,17.4151478,430.02394,17.4577541,430.049938,17.4219189,430.07594,17.484251,430.101939,17.4457836,430.127941,17.4053841,430.153943,17.425499,430.182492,17.4155788,430.208384,17.394268,430.234304,17.4891548,430.29394,17.4294186,430.319938,17.4512959,430.34594,17.4735146,430.371941,17.4706192,430.397943,17.4950619,430.423944,17.444397,430.454791,17.4575539,430.48094,17.4855442,430.506954,17.4883499,430.532943,17.4935856,430.558937,17.4425678,430.584939,
88,17.4697533,434.949002,17.4389572,434.977896,17.4401226,435.003942,17.4207382,435.029942,17.4578018,435.05594,17.4221802,435.081941,17.4860725,435.108047,17.4433594,435.135944,17.4099522,435.162121,17.4221306,435.188082,17.4170551,435.213942,17.3967609,435.239945,17.4942036,435.299377,17.4262028,435.325105,17.4481125,435.351025,17.4756088,435.376948,17.4632816,435.402939,17.5058556,435.42894,17.4421234,435.455781,17.4539719,435.484355,17.4917545,435.510264,17.4856491,435.536217,17.5005169,435.561942,17.4339371,435.587944,
89,17.471714,439.948612,17.4387703,439.97494,17.4427795,440.006469,17.4178028,440.032359,17.4615021,440.058299,17.4236851,440.083939,17.4879398,440.110151,17.4426937,440.135942,17.4065418,440.16469,17.4253559,440.190938,17.415266,440.216948,17.3987446,440.242937,17.4905682,440.302318,17.4349766,440.328246,17.4410858,440.353939,17.4789829,440.379938,17.4628334,440.405948,17.5061073,440.431936,17.4467812,440.458743,17.4511833,440.484938,17.4945717,440.51368,17.485363,440.53994,17.5003433,440.565945,17.4384708,440.591941,
90,17.4710445,444.946876,17.4391766,444.972943,17.4440727,444.998942,17.4213867,445.025145,17.4598522,445.050942,17.4273014,445.076942,17.4832745,445.102948,17.4456463,445.128962,17.4091187,445.156502,17.4251099,445.18246,17.4171448,445.208021,17.3953629,445.233942,17.4964466,445.293363,17.4254551,445.319092,17.4560413,445.345002,17.4730988,445.370944,17.4686623,445.396941,17.5000191,445.422938,17.4499378,445.448958,17.4552555,445.479967,17.4885082,445.5062,17.4893093,445.532157,17.4986134,445.557938,17.439497,445.58394,
91,17.4728203,449.946941,17.4403095,449.973211,17.4454384,450.004725,17.4210644,450.030944,17.4638081,450.056949,17.4238434,450.082938,17.4895,450.108943,17.444231,450.134938,17.4097061,450.160938,17.4263325,450.19027,17.4162025,450.216205,17.4010277,450.24194,17.4888897,450.301336,17.434948,450.327267,17.4450188,450.352941,17.4811039,450.378936,17.4644375,450.404945,17.5048141,450.430935,17.4469852,450.456943,17.4519825,450.482984,17.4956512,450.514606,17.4897137,450.540937,17.4962444,450.566946,17.446743,450.592939,
92,17.4742069,454.947002,17.4418201,454.972944,17.444664,454.998946,17.4246998,455.024941,17.460886,455.050943,17.4263763,455.076943,17.487875,455.10294,17.4465084,455.128952,17.4092789,455.154946,17.424511,455.181144,17.419014,455.209944,17.3987656,455.235939,17.4960747,455.295365,17.4277401,455.321085,17.4497452,455.347,17.4786663,455.37294,17.4649372,455.398938,17.5078869,455.424941,17.443306,455.450944,17.4573956,455.476958,17.4900417,455.502943,17.4909801,455.529481,17.5041199,455.558062,17.4366894,455.584272,
93,17.4745522,459.947939,17.4457092,459.974192,17.447155,460.002738,17.4228706,460.028948,17.466053,460.054944,17.426363,460.080936,17.4898319,460.106946,17.4450474,460.132958,17.4113598,460.158938,17.4273796,460.184945,17.416811,460.210941,17.4015427,460.239522,17.4915104,460.298944,17.435545,460.324944,17.4451504,460.350938,17.4816074,460.376941,17.4656734,460.402938,17.5064278,460.42894,17.4474754,460.454944,17.4529514,460.480958,17.4974194,460.506939,17.4844704,460.532991,17.5002556,460.563191,17.4430943,460.588952,
94,17.4773636,464.953836,17.441988,464.980087,17.4506626,465.006025,17.4212036,465.031948,17.4675102,465.057939,17.4287529,465.083946,17.4877415,465.109943,17.4494076,465.135937,17.4094429,465.161946,17.427515,465.187945,17.416708,465.214012,17.3985786,465.243615,17.4925995,465.302942,17.432106,465.328946,17.4544315,465.354956,17.4767494,465.380936,17.4744587,465.406943,17.4986019,465.432936,17.4507256,465.45894,17.4525452,465.484935,17.4970989,465.510938,17.4879818,465.536951,17.4988747,465.563429,17.4452801,465.589638,
95,17.4764595,469.946486,17.446701,469.972751,17.445816,469.998943,17.4232101,470.025132,17.4672699,470.051104,17.4298611,470.076946,17.4894123,470.102945,17.4467297,470.128938,17.4117355,470.154939,17.4256611,470.180943,17.4229774,470.206944,17.4010029,470.237779,17.4922771,470.297223,17.4367657,470.32319,17.4447384,470.348954,17.4825039,470.374941,17.4652882,470.400942,17.5073032,470.426947,17.4481621,470.452939,17.4563351,470.47896,17.4962711,470.504937,17.4862213,470.53094,17.5062675,470.557052,17.4430237,470.587127,
96,17.4796696,474.951808,17.445034,474.978062,17.4505558,475.004004,17.4230537,475.029949,17.4706268,475.055944,17.4290199,475.081938,17.4894123,475.107937,17.44944,475.133939,17.4092445,475.159944,17.4287586,475.185939,17.419487,475.211937,17.4027462,475.237949,17.4925346,475.301942,17.4333897,475.327942,17.4542503,475.353957,17.4782028,475.379944,17.474184,475.405945,17.4997215,475.431939,17.4524021,475.457947,17.4527283,475.483955,17.4982891,475.509941,17.4884243,475.535942,17.5013294,475.561935,17.4442558,475.587945,
97,17.4784298,479.946947,17.4494076,479.973224,17.4491272,479.998945,17.4255848,480.024939,17.4686184,480.050942,17.4315815,480.076941,17.4913254,480.102941,17.4483986,480.128942,17.4128418,480.154939,17.4258823,480.180941,17.4234791,480.20694,17.4012699,480.232941,17.4993725,480.292328,17.4295063,480.318484,17.4452171,480.349068,17.4830761,480.375024,17.4674225,480.400984,17.5083656,480.42694,17.4483356,480.452941,17.4559574,480.478955,17.498373,480.504942,17.4873409,480.530938,17.5067806,480.556939,17.439806,480.582944,
98,17.4815445,484.950872,17.4469051,484.977147,17.4526901,485.003217,17.426302,485.030298,17.4729023,485.056243,17.4302349,485.082175,17.4904423,485.10794,17.451355,485.133936,17.4112816,485.159943,17.4290257,485.185945,17.4196148,485.211938,17.4041519,485.237943,17.4949284,485.296997,17.4390392,485.322941,17.4452934,485.349111,17.4804897,485.379161,17.4735298,485.4051,17.5016232,485.431027,17.4564934,485.456945,17.4538326,485.482954,17.4989147,485.508939,17.4878349,485.53494,17.5038719,485.560941,17.4438267,485.58694,
99,17.4799938,489.946891,17.4453583,489.981732,17.4525871,490.007941,17.4289227,490.034059,17.4698315,490.059939,17.4338627,490.085943,17.4893799,490.111939,17.4529076,490.137939,17.4103565,490.163938,17.4318008,490.189942,17.4195023,490.21594,17.4007416,490.241939,17.4943008,490.301337,17.4360371,490.327048,17.4539433,490.353042,17.4763088,490.381428,17.4739246,490.410028,17.505619,490.435948,17.4511166,490.461947,17.4586296,490.48796,17.4928684,490.513941,17.4980659,490.539943,17.4984875,490.565937,17.4470196,490.591937,
100,17.4817638,494.949273,17.4481983,494.975524,17.4546146,495.001468,17.4290161,495.027322,17.4722595,495.05343,17.4326439,495.079946,17.4952908,495.105937,17.4498959,495.131953,17.4119549,495.157941,17.4303532,495.183947,17.4209881,495.20994,17.4038258,495.235945,17.4989014,495.295002,17.4354038,495.320941,17.4476604,495.346941,17.4866943,495.37295,17.4677258,495.4011,17.5087891,495.427037,17.4558468,495.455582,17.4516945,495.48194,17.4987946,495.507939,17.4898205,495.533944,17.5061874,495.559938,17.4432278,495.585941,
101,17.4811401,499.947024,17.4479465,499.978889,17.4571838,500.004943,17.4287357,500.03094,17.4752026,500.056944,17.4354935,500.083025,17.4910698,500.110136,17.4523544,500.135936,17.4125996,500.162142,17.4335327,500.188119,17.4194164,500.213937,17.4054031,500.239938,17.4941292,500.299366,17.4374046,500.325095,17.4535427,500.35102,17.4842854,500.376942,17.4701309,500.402938,17.5026588,500.431082,17.4553242,500.457308,17.4566784,500.485836,17.4962883,500.511941,17.4954052,500.537948,17.499239,500.563946,17.4524822,500.58994,
102,17.4831982,504.947789,17.4498959,504.97409,17.4552135,505.008602,17.432457,505.03494,17.472744,505.060937,17.437748,505.086944,17.4903145,505.113086,17.4505196,505.140944,17.4150982,505.166945,17.4314022,505.192955,17.4237938,505.218942,17.4019585,505.244942,17.5010929,505.304317,17.4304752,505.330237,17.4623756,505.355956,17.4789085,505.381942,17.4744625,505.407943,17.5048485,505.43395,17.4503307,505.462438,17.4632607,505.488376,17.4947491,505.517102,17.4948425,505.543028,17.5024834,505.568969,17.4460602,505.594937,
103,17.4860287,509.948037,17.4506817,509.976953,17.4586601,510.002942,17.4309597,510.028945,17.4777107,510.05494,17.4364109,510.080939,17.4922829,510.106942,17.4544067,510.132944,17.4137154,510.161166,17.4349327,510.187122,17.4204865,510.212943,17.4061928,510.238942,17.4952412,510.298357,17.4383259,510.324096,17.4549313,510.350014,17.4853516,510.375938,17.4718971,510.401946,17.5072823,510.427941,17.4576302,510.453973,17.4585171,510.484962,17.4969158,510.511204,17.4966125,510.53717,17.4995117,510.562938,17.45294,510.588941,
104,17.48419,514.945937,17.4515076,514.972198,17.4582176,514.998163,17.4334068,515.023944,17.4761925,515.049938,17.437067,515.075941,17.4956608,515.10194,17.4518986,515.127956,17.4186821,515.15406,17.4335899,515.181938,17.423851,515.207945,17.4053383,515.233946,17.4982243,515.292998,17.4391079,515.318946,17.448801,515.344939,17.4890518,515.370942,17.4697113,515.39695,17.51124,515.422945,17.451107,515.448938,17.4625397,515.474943,17.4997101,515.501313,17.4910126,515.529895,17.5080376,515.555938,17.4439526,515.58195,
105,17.4876232,519.946936,17.4527874,519.975808,17.4622593,520.001942,17.4317703,520.027945,17.4762363,520.05394,17.4412346,520.079939,17.4940929,520.105943,17.4547176,520.13194,17.4139347,520.158665,17.435709,520.184943,17.4246197,520.213482,17.404829,520.239662,17.4990463,520.29911,17.4361076,520.324943,17.4626484,520.350956,17.4796371,520.376945,17.4788914,520.402938,17.5066624,520.428934,17.4573441,520.454944,17.4664936,520.485818,17.495882,520.511943,17.4968834,520.537939,17.5024948,520.563939,17.4511108,520.589937,
106,17.4902477,524.948141,17.4535408,524.974396,17.4574604,525.008865,17.4374981,525.034936,17.4777699,525.060957,17.4395027,525.086949,17.4952507,525.112943,17.4547005,525.138936,17.4181061,525.164942,17.431757,525.190942,17.4282532,525.216944,17.4065056,525.245507,17.5031834,525.304942,17.4359932,525.330943,17.452549,525.356942,17.4892998,525.382938,17.4699516,525.408942,17.5145988,525.434944,17.4516544,525.460937,17.4637451,525.486943,17.505991,525.517965,17.4920082,525.543942,17.5081615,525.569942,17.4462204,525.595941,
107,17.4913673,529.946886,17.4557323,529.975774,17.460537,530.001939,17.4372616,530.027943,17.478096,530.053938,17.4422512,530.07994,17.4935589,530.105944,17.4596901,530.13194,17.4148922,530.157943,17.4320679,530.184085,17.4268475,530.212941,17.4044037,530.238939,17.5059795,530.298383,17.432436,530.324102,17.462986,530.350046,17.4824181,530.375951,17.4775124,530.401939,17.5081825,530.427941,17.4567776,530.453944,17.4626579,530.479944,17.4984455,530.505942,17.5018787,530.53249,17.5050602,530.561082,17.4512405,530.587307,
108,17.4937897,534.947939,17.4573421,534.974204,17.4592075,535.005721,17.4374733,535.031938,17.4797535,535.057947,17.4430676,535.083938,17.4974232,535.109943,17.4546547,535.135957,17.4188995,535.161943,17.4333439,535.187943,17.4302444,535.214049,17.4076576,535.24238,17.504528,535.301944,17.4390259,535.327944,17.4536247,535.35394,17.4897709,535.379944,17.470026,535.405941,17.5156555,535.43194,17.4536896,535.457947,17.4651489,535.483957,17.49823,535.509941,17.4972954,535.535943,17.5102711,535.562464,17.4458961,535.591347,
109,17.491888,539.95668,17.4570923,539.982941,17.4629974,540.008945,17.4379005,540.034949,17.4833603,540.060939,17.4413452,540.086947,17.49897,540.112937,17.4562721,540.138938,17.4171791,540.164943,17.4358635,540.190941,17.4258442,540.216942,17.4079857,540.243036,17.4999027,540.30594,17.4415302,540.331942,17.4581089,540.357959,17.4877186,540.38394,17.4772987,540.409944,17.51017,540.435941,17.4623127,540.461943,17.4566193,540.487958,17.503706,540.513947,17.4944935,540.539937,17.5112858,540.565941,17.4483261,540.591944,
110,17.491848,544.949046,17.4602718,544.975312,17.4625607,545.001114,17.4431496,545.027082,17.4787483,545.053042,17.4443932,545.078939,17.4979115,545.104939,17.4565411,545.130957,17.419014,545.156942,17.4337826,545.182941,17.4288616,545.208938,17.4062748,545.234946,17.509409,545.294322,17.4355793,545.320414,17.4575005,545.349348,17.4883709,545.375293,17.473362,545.401239,17.5175495,545.426941,17.4519844,545.452944,17.4659595,545.478944,17.4988098,545.504941,17.4999313,545.530941,17.5062389,545.556945,17.4509716,545.582939,
111,17.4923725,549.951488,17.4595814,549.97771,17.4647617,550.00395,17.4401302,550.029959,17.4840984,550.055936,17.4456253,550.081938,17.5002213,550.107946,17.4542084,550.133937,17.4212818,550.15994,17.4366589,550.18594,17.4270573,550.211941,17.4094715,550.237941,17.5053253,550.297007,17.4389153,550.323126,17.4555912,550.352672,17.4896851,550.37894,17.474638,550.404941,17.5146332,550.430946,17.4590626,550.456943,17.4610233,550.482956,17.5078888,550.508945,17.4920788,550.534937,17.5115852,550.560937,17.4491367,550.586945,
112,17.4948483,554.946344,17.458786,554.981179,17.4686356,555.007192,17.4399071,555.033214,17.4855614,555.05894,17.4465294,555.084941,17.4968662,555.110941,17.4591198,555.136945,17.4199085,555.162939,17.4377747,555.188953,17.4255638,555.214937,17.4128017,555.240936,17.4988995,555.300346,17.4435616,555.326122,17.4608688,555.354231,17.4886513,555.380181,17.4831352,555.40875,17.5113811,555.43494,17.4611282,555.460948,17.4615021,555.486939,17.503931,555.512946,17.4996204,555.538944,17.5075264,555.564942,17.4583683,555.590941,
113,17.4946175,559.947087,17.4657898,559.973341,17.4648952,559.999276,17.4411964,560.025258,17.4847469,560.05149,17.4480419,560.077467,17.4998398,560.103208,17.4573746,560.129126,17.4214935,560.155054,17.4349136,560.180939,17.4328156,560.206938,17.4090996,560.232948,17.5075245,560.29202,17.4378433,560.317939,17.4606228,560.343941,17.4915943,560.375222,17.4755192,560.401162,17.5164852,560.427085,17.4565678,560.452937,17.4644566,560.478935,17.5061607,560.504941,17.4953556,560.53094,17.5148182,560.556947,17.4481926,560.582946,
114,17.4949436,564.945938,17.4620094,564.977815,17.4703655,565.003939,17.44174,565.030085,17.488472,565.055943,17.4482689,565.081944,17.4983292,565.107951,17.4607658,565.133955,17.4208088,565.159938,17.4381142,565.185944,17.4271622,565.21194,17.4139805,565.237941,17.5008163,565.297374,17.4464989,565.323093,17.4576492,565.34923,17.487236,565.378893,17.4840584,565.404946,17.5093575,565.430942,17.4611454,565.456942,17.4615192,565.48294,17.5078316,565.50894,17.4983101,565.534939,17.5103798,565.560943,17.454401,565.586946,
115,17.4959507,569.945968,17.4636688,569.972264,17.4684772,570.006778,17.4458904,570.03294,17.486742,570.05895,17.4501362,570.084943,17.4976349,570.110944,17.4635181,570.136948,17.4198265,570.162944,17.437767,570.188953,17.4299126,570.214947,17.4104424,570.240944,17.5046158,570.300302,17.443182,570.326233,17.4660454,570.351965,17.4868336,570.381552,17.4829731,570.4075,17.5134163,570.433068,17.4611168,570.458945,17.466011,570.484957,17.5026951,570.51094,17.5065327,570.536945,17.5052719,570.562942,17.4554672,570.588942,
116,17.4977646,574.956699,17.4661789,574.982951,17.4688854,575.008939,17.4481659,575.034949,17.4855633,575.061199,17.450016,575.087169,17.5007896,575.112944,17.4598618,575.138936,17.422905,575.164943,17.437397,575.190941,17.4318047,575.216942,17.4100704,575.242949,17.5121956,575.301989,17.4374161,575.327947,17.4649792,575.353943,17.4866066,575.379943,17.4756718,575.410655,17.5201168,575.436939,17.4566441,575.46294,17.4680805,575.488955,17.5030766,575.514945,17.502142,575.540938,17.5128555,575.566945,17.451149,575.592941,
117,17.5002995,579.94694,17.4638977,579.973178,17.4718838,580.001728,17.4457951,580.027939,17.487627,580.054092,17.4530258,580.079941,17.5006256,580.105946,17.4624233,580.131942,17.419899,580.157937,17.4424553,580.183942,17.4298477,580.209939,17.4116821,580.235943,17.5047398,580.29533,17.4450665,580.321278,17.4629841,580.346943,17.4857769,580.375442,17.4855156,580.401396,17.5145111,580.429926,17.4606667,580.456115,17.4687157,580.482068,17.5033474,580.507965,17.5076027,580.533938,17.5069218,580.559943,17.4567833,580.585942,
118,17.5002651,584.953598,17.4687691,584.979944,17.4704494,585.005948,17.4507542,585.031946,17.4876881,585.05814,17.4518909,585.084119,17.5028095,585.109937,17.4608517,585.135953,17.4235783,585.161938,17.4385395,585.187943,17.4343433,585.213943,17.4105511,585.239942,17.5130062,585.299024,17.4387817,585.32494,17.4649734,585.350937,17.497261,585.382198,17.4771614,585.408139,17.5193901,585.434068,17.4579258,585.459944,17.4695969,585.485956,17.5054245,585.51194,17.5005589,585.537939,17.5150166,585.56394,17.4496651,585.589938,
119,17.5043983,589.946977,17.4683647,589.973249,17.4727077,589.99894,17.4493694,590.025252,17.4902115,590.051399,17.4557915,590.077022,17.5013866,590.102944,17.4652061,590.128954,17.4209042,590.154941,17.4406643,590.180946,17.4329185,590.206943,17.413353,590.232945,17.5067444,590.292339,17.4451523,590.318282,17.466383,590.343938,17.4898815,590.36994,17.4833107,590.399519,17.5142689,590.425094,17.4646282,590.450986,17.4676876,590.476959,17.5042801,590.502942,17.5059643,590.528944,17.5079021,590.554938,17.4599094,590.580942,
120,17.5033054,594.949048,17.4704037,594.975283,17.472084,595.001236,17.4533653,595.026942,17.4907742,595.053039,17.4555511,595.079034,17.5031109,595.104941,17.4624596,595.130954,17.4264774,595.156942,17.4409275,595.182941,17.4349136,595.208936,17.4117069,595.234943,17.5143089,595.294012,17.440033,595.31994,17.467926,595.345941,17.4967079,595.376956,17.4765186,595.402944,17.5212669,595.428938,17.4599342,595.454946,17.4715137,595.480955,17.5047169,595.506947,17.5024223,595.532944,17.5156193,595.558936,17.4537983,595.584946,
